{"collections": {"colpali_embeddings": {"vectors": {"size": 128, "distance": "Cosine", "hnsw_config": null, "quantization_config": {"binary": {"always_ram": true}}, "on_disk": true, "datatype": null, "multivector_config": {"comparator": "max_sim"}}, "shard_number": null, "sharding_method": null, "replication_factor": null, "write_consistency_factor": null, "on_disk_payload": null, "hnsw_config": null, "wal_config": null, "optimizers_config": null, "init_from": null, "quantization_config": null, "sparse_vectors": null}}, "aliases": {}}